{"schemaVersion":"1.0","appDefinitionTemplate":{"id":"/providers/Microsoft.PowerApps/apps/","type":"Microsoft.PowerApps/apps","tags":{"primaryDeviceWidth":"1366","primaryDeviceHeight":"768","supportsPortrait":"true","supportsLandscape":"true","primaryFormFactor":"Tablet","publisherVersion":"3.22084.15","minimumRequiredApiVersion":"2.2.0","hasComponent":"false","hasUnlockedComponent":"false","isUnifiedRootApp":"false","sienaVersion":"20220904T124941Z-3.22084.15.0"},"properties":{"appVersion":"2022-09-04T12:49:41Z","lifeCycleId":"Published","createdByClientVersion":{"major":3,"minor":22084,"build":15,"revision":0,"majorRevision":0,"minorRevision":0},"minClientVersion":{"major":3,"minor":22084,"build":15,"revision":0,"majorRevision":0,"minorRevision":0},"backgroundColor":"rgba(236, 239, 241, 1)","backgroundImageUri":"/16129360139628853274/Nc01f43e8-ee09-4494-978f-7b2a15a3f3ff-logoSmallFile","displayName":"Materials_Management_App","description":"","commitMessage":"","appUris":{"documentUri":{"value":"/16129360139628853274/N92acf5f7-c7a4-4261-9030-1426cfb9a748-document.msapp"},"imageUris":[],"additionalUris":[]},"createdTime":"0001-01-01T00:00:00Z","lastModifiedTime":"0001-01-01T00:00:00Z","sharedGroupsCount":0,"sharedUsersCount":0,"icons":{"smallIconUri":"/16129360139628853274/N8d411cfe-b4b9-4379-b5f2-a35daead1efc-small.png","mediumIconUri":"/16129360139628853274/Nfc5f6e6e-f489-4042-8161-0c0b1f1a6a00-medium.png","largeIconUri":"/16129360139628853274/N71ab69b7-dc26-4e83-bfff-987f114f6641-large.png","wideIconUri":"/16129360139628853274/N6ad6aad3-37a4-4c6a-aa9a-76f0eed753ee-wide.png"},"connectionReferences":{"cae98315-11d3-4814-b81a-5fc9a7452d3c":{"id":"1b054fff-6a90-4c45-90f9-58e3b402966e","displayName":"Flujos lógicos","iconUri":"https://connectoricons-prod.azureedge.net/releases/v1.0.1534/1.0.1534.2605/logicflows/icon.png","dataSources":["mpl_mm_Container_Movement"],"dependencies":["eade07f9-650a-4ffa-97e3-e6271c0ed712"],"dependents":[],"parameterHints":{"workflowName":{"value":"11b0020f-872d-4dd8-b704-d8ae5ceae49f"},"workflowEntityId":{"value":"8f70234b-c820-ed11-b83d-000d3abe11c2"},"eade07f9-650a-4ffa-97e3-e6271c0ed712":{"value":"shared_commondataserviceforapps"}},"parameterHintsV2":{"workflowName":{"value":"11b0020f-872d-4dd8-b704-d8ae5ceae49f"},"workflowEntityId":{"value":"8f70234b-c820-ed11-b83d-000d3abe11c2"},"shared_commondataserviceforapps":{"value":"eade07f9-650a-4ffa-97e3-e6271c0ed712"}},"isOnPremiseConnection":false,"bypassConsent":false,"dataSets":{},"apiTier":"Standard","isCustomApiConnection":false,"nestedActions":[{"id":"/providers/Microsoft.PowerApps/apis/shared_commondataserviceforapps/apiOperations/ListRecords","apiName":"Microsoft Dataverse","actionName":"ListRecords","referencedResources":[]},{"id":"/providers/Microsoft.PowerApps/apis/shared_commondataserviceforapps/apiOperations/GetItem","apiName":"Microsoft Dataverse","actionName":"GetItem","referencedResources":[]},{"id":"/providers/Microsoft.PowerApps/apis/shared_commondataserviceforapps/apiOperations/UpdateRecord","apiName":"Microsoft Dataverse","actionName":"UpdateRecord","referencedResources":[]}]},"eade07f9-650a-4ffa-97e3-e6271c0ed712":{"id":"06f8aacb-409c-4e88-8c23-c9c65e1f20b3","displayName":"Microsoft Dataverse","iconUri":"https://connectoricons-prod.azureedge.net/releases/v1.0.1588/1.0.1588.2938/commondataserviceforapps/icon.png","dataSources":[],"dependencies":[],"dependents":["cae98315-11d3-4814-b81a-5fc9a7452d3c"],"parameterHints":{},"parameterHintsV2":{},"isOnPremiseConnection":false,"bypassConsent":false,"dataSets":{},"apiTier":"Premium","isCustomApiConnection":false}},"databaseReferences":{"default.cds":{"databaseDetails":{"referenceType":"Environmental","environmentName":"default.cds","overrideValues":{"status":"NotSpecified"}},"dataSources":{"mpl_mm_Locations":{"entitySetName":"cr514_mpl_mm_locations","logicalName":"cr514_mpl_mm_location"},"mpl_mm_Containers":{"entitySetName":"cr514_mpl_mm_containers","logicalName":"cr514_mpl_mm_container"},"mpl_mm_Characteristics":{"entitySetName":"cr514_mpl_mm_characteristics","logicalName":"cr514_mpl_mm_characteristic"},"mpl_mm_Distributors":{"entitySetName":"cr514_mpl_mm_distributors","logicalName":"cr514_mpl_mm_distributor"},"mpl_mm_Manufacturers":{"entitySetName":"cr514_mpl_mm_manufacturers","logicalName":"cr514_mpl_mm_manufacturer"},"mpl_mm_Materials":{"entitySetName":"cr514_mpl_mm_materials","logicalName":"cr514_mpl_mm_material"},"mpl_mm_Orders":{"entitySetName":"cr514_mpl_mm_orders","logicalName":"cr514_mpl_mm_order"},"Registros duplicados":{"entitySetName":"duplicaterecords","logicalName":"duplicaterecord"}},"actions":["providers/PowerPlatform.Governance/Operations/Read"]}},"almMode":"Solution","performanceOptimizationEnabled":true,"canConsumeAppPass":true,"enableModernRuntimeMode":false,"executionRestrictions":{"isTeamsOnly":false,"dataLossPreventionEvaluationResult":{"status":"Compliant","lastEvaluationDate":"2022-09-04T12:50:02.8463897Z","violations":[],"violationsByPolicy":[],"violationErrorMessage":"La aplicación usa los siguientes conectores: shared_logicflows, shared_commondataserviceforapps, shared_commondataservice."},"httpActionRestriction":{"appUsesSharepointHttpAction":false,"enforcementStrategy":"Legacy","evaluationTime":"2022-09-04T12:50:02.8462647Z"}}},"appType":"ClassicCanvasApp","appComponents":[]}}