{"schemaVersion":"1.0","appDefinitionTemplate":{"id":"/providers/Microsoft.PowerApps/apps/","type":"Microsoft.PowerApps/apps","tags":{"primaryDeviceWidth":"1366","primaryDeviceHeight":"768","supportsPortrait":"true","supportsLandscape":"true","primaryFormFactor":"Tablet","publisherVersion":"3.22084.15","minimumRequiredApiVersion":"2.2.0","hasComponent":"false","hasUnlockedComponent":"false","isUnifiedRootApp":"false","sienaVersion":"20220904T132610Z-3.22084.15.0"},"properties":{"appVersion":"2022-09-04T13:26:10Z","lifeCycleId":"Published","createdByClientVersion":{"major":3,"minor":22084,"build":15,"revision":0,"majorRevision":0,"minorRevision":0},"minClientVersion":{"major":3,"minor":22084,"build":15,"revision":0,"majorRevision":0,"minorRevision":0},"backgroundColor":"rgba(236, 239, 241, 1)","backgroundImageUri":"/16129360139628853274/Na39f33fc-1cb1-42f5-a477-e13857d23d10-logoSmallFile","displayName":"Materials_Management_App","description":"","commitMessage":"","appUris":{"documentUri":{"value":"/16129360139628853274/N14ed3150-521d-4a82-a346-d32c789c6b35-document.msapp"},"imageUris":[],"additionalUris":[]},"createdTime":"0001-01-01T00:00:00Z","lastModifiedTime":"0001-01-01T00:00:00Z","sharedGroupsCount":0,"sharedUsersCount":0,"icons":{"smallIconUri":"/16129360139628853274/Nf729a82b-aab3-470f-99ec-9266a81d720b-small.png","mediumIconUri":"/16129360139628853274/N2be76fd2-455e-4249-827c-7517dbe2d189-medium.png","largeIconUri":"/16129360139628853274/Nbda37fb1-7170-46c0-839e-ec93a9d0009f-large.png","wideIconUri":"/16129360139628853274/N38009826-6182-44dd-957f-440cf7f6be1c-wide.png"},"connectionReferences":{"cae98315-11d3-4814-b81a-5fc9a7452d3c":{"id":"1b054fff-6a90-4c45-90f9-58e3b402966e","displayName":"Flujos lógicos","iconUri":"https://connectoricons-prod.azureedge.net/releases/v1.0.1534/1.0.1534.2605/logicflows/icon.png","dataSources":["mpl_mm_Container_Movement"],"dependencies":["eade07f9-650a-4ffa-97e3-e6271c0ed712"],"dependents":[],"parameterHints":{"workflowName":{"value":"11b0020f-872d-4dd8-b704-d8ae5ceae49f"},"workflowEntityId":{"value":"8f70234b-c820-ed11-b83d-000d3abe11c2"},"eade07f9-650a-4ffa-97e3-e6271c0ed712":{"value":"shared_commondataserviceforapps"}},"parameterHintsV2":{"workflowName":{"value":"11b0020f-872d-4dd8-b704-d8ae5ceae49f"},"workflowEntityId":{"value":"8f70234b-c820-ed11-b83d-000d3abe11c2"},"shared_commondataserviceforapps":{"value":"eade07f9-650a-4ffa-97e3-e6271c0ed712"}},"isOnPremiseConnection":false,"bypassConsent":false,"dataSets":{},"apiTier":"Standard","isCustomApiConnection":false,"nestedActions":[{"id":"/providers/Microsoft.PowerApps/apis/shared_commondataserviceforapps/apiOperations/ListRecords","apiName":"Microsoft Dataverse","actionName":"ListRecords","referencedResources":[]},{"id":"/providers/Microsoft.PowerApps/apis/shared_commondataserviceforapps/apiOperations/GetItem","apiName":"Microsoft Dataverse","actionName":"GetItem","referencedResources":[]},{"id":"/providers/Microsoft.PowerApps/apis/shared_commondataserviceforapps/apiOperations/UpdateRecord","apiName":"Microsoft Dataverse","actionName":"UpdateRecord","referencedResources":[]}]},"eade07f9-650a-4ffa-97e3-e6271c0ed712":{"id":"06f8aacb-409c-4e88-8c23-c9c65e1f20b3","displayName":"Microsoft Dataverse","iconUri":"https://connectoricons-prod.azureedge.net/releases/v1.0.1588/1.0.1588.2938/commondataserviceforapps/icon.png","dataSources":[],"dependencies":[],"dependents":["cae98315-11d3-4814-b81a-5fc9a7452d3c"],"parameterHints":{},"parameterHintsV2":{},"isOnPremiseConnection":false,"bypassConsent":false,"dataSets":{},"apiTier":"Premium","isCustomApiConnection":false}},"databaseReferences":{"default.cds":{"databaseDetails":{"referenceType":"Environmental","environmentName":"default.cds","overrideValues":{"status":"NotSpecified"}},"dataSources":{"mpl_mm_Locations":{"entitySetName":"cr514_mpl_mm_locations","logicalName":"cr514_mpl_mm_location"},"mpl_mm_Containers":{"entitySetName":"cr514_mpl_mm_containers","logicalName":"cr514_mpl_mm_container"},"mpl_mm_Characteristics":{"entitySetName":"cr514_mpl_mm_characteristics","logicalName":"cr514_mpl_mm_characteristic"},"mpl_mm_Distributors":{"entitySetName":"cr514_mpl_mm_distributors","logicalName":"cr514_mpl_mm_distributor"},"mpl_mm_Manufacturers":{"entitySetName":"cr514_mpl_mm_manufacturers","logicalName":"cr514_mpl_mm_manufacturer"},"mpl_mm_Materials":{"entitySetName":"cr514_mpl_mm_materials","logicalName":"cr514_mpl_mm_material"},"mpl_mm_Orders":{"entitySetName":"cr514_mpl_mm_orders","logicalName":"cr514_mpl_mm_order"},"Registros duplicados":{"entitySetName":"duplicaterecords","logicalName":"duplicaterecord"}},"actions":["providers/PowerPlatform.Governance/Operations/Read"]}},"almMode":"Solution","performanceOptimizationEnabled":true,"canConsumeAppPass":true,"enableModernRuntimeMode":false,"executionRestrictions":{"isTeamsOnly":false,"dataLossPreventionEvaluationResult":{"status":"Compliant","lastEvaluationDate":"2022-09-04T13:26:31.5315196Z","violations":[],"violationsByPolicy":[],"violationErrorMessage":"La aplicación usa los siguientes conectores: shared_logicflows, shared_commondataserviceforapps, shared_commondataservice."},"httpActionRestriction":{"appUsesSharepointHttpAction":false,"enforcementStrategy":"Legacy","evaluationTime":"2022-09-04T13:26:31.5314383Z"}}},"appType":"ClassicCanvasApp","appComponents":[]}}