{"name":"94effa58-ff97-a33b-5e6f-fa2d8e8425c4","id":"/providers/Microsoft.Flow/flows/94effa58-ff97-a33b-5e6f-fa2d8e8425c4","type":"Microsoft.Flow/flows","properties":{"apiId":"/providers/Microsoft.PowerApps/apis/shared_logicflows","displayName":"mpl_mm_Container_Movement","definition":{"metadata":{"workflowEntityId":"8f70234b-c820-ed11-b83d-000d3abe11c2","processAdvisorMetadata":null,"flowclientsuspensionreason":"None","flowclientsuspensiontime":null,"flowclientsuspensionreasondetails":null,"creator":{"id":"d0461964-21df-40c3-9f36-899bff1d35e4","type":"User","tenantId":"e9112c5c-e4bb-4ab9-8b4c-3692f43531a7"},"provisioningMethod":"FromDefinition","failureAlertSubscription":true,"clientLastModifiedTime":"2022-08-20T21:27:29.943674Z"},"$schema":"https://schema.management.azure.com/providers/Microsoft.Logic/schemas/2016-06-01/workflowdefinition.json#","contentVersion":"1.0.0.0","parameters":{"$connections":{"defaultValue":{},"type":"Object"},"$authentication":{"defaultValue":{},"type":"SecureObject"}},"triggers":{"When_a_row_is_added,_modified_or_deleted":{"metadata":{"operationMetadataId":"e808c548-bd67-474a-94ee-02f10dfc13b5"},"type":"OpenApiConnectionWebhook","inputs":{"host":{"apiId":"/providers/Microsoft.PowerApps/apis/shared_commondataserviceforapps","connectionName":"shared_commondataserviceforapps","operationId":"SubscribeWebhookTrigger"},"parameters":{"subscriptionRequest/message":4,"subscriptionRequest/entityname":"cr514_mpl_mm_order","subscriptionRequest/scope":4,"subscriptionRequest/name":"8f70234b-c820-ed11-b83d-000d3abe11c2"},"authentication":"@parameters('$authentication')"}}},"actions":{"Set_OrderNumber":{"runAfter":{"Get_Order_Row_by_Id":["Succeeded"]},"metadata":{"operationMetadataId":"cecfc3ae-3295-4d66-930a-79b849d15265"},"type":"InitializeVariable","inputs":{"variables":[{"name":"OrderNumber","type":"string","value":"@outputs('Get_Order_Row_by_Id')?['body/cr514_code']"}]}},"Set_Locations":{"runAfter":{"Set_OrderNumber":["Succeeded"]},"metadata":{"operationMetadataId":"f7566db8-164b-4f5e-ba60-0aefac52d5f7"},"type":"InitializeVariable","inputs":{"variables":[{"name":"Locations","type":"string","value":"@outputs('Get_Order_Row_by_Id')?['body/cr514_location']"}]}},"Set_Material":{"runAfter":{"Set_Locations":["Succeeded"]},"metadata":{"operationMetadataId":"c8d8d684-33fd-4912-ae8e-55a84c5cee5b"},"type":"InitializeVariable","inputs":{"variables":[{"name":"Material","type":"string","value":"@outputs('Get_Order_Row_by_Id')?['body/cr514_material']"}]}},"Look_for_Location_Row":{"runAfter":{"Set_Material":["Succeeded"]},"metadata":{"operationMetadataId":"a5f4d8ed-b464-42b9-a339-45f9cd2daa7c"},"type":"OpenApiConnection","inputs":{"host":{"apiId":"/providers/Microsoft.PowerApps/apis/shared_commondataserviceforapps","connectionName":"shared_commondataserviceforapps","operationId":"ListRecords"},"parameters":{"entityName":"cr514_mpl_mm_locations","$filter":"cr514_name eq '@{variables('Locations')}'"},"authentication":"@parameters('$authentication')"}},"Get_Location_row_by_ID":{"runAfter":{"Look_for_Location_Row":["Succeeded"]},"metadata":{"operationMetadataId":"e3fb2a46-e055-44ef-bd92-98b89a3d7029"},"type":"OpenApiConnection","inputs":{"host":{"apiId":"/providers/Microsoft.PowerApps/apis/shared_commondataserviceforapps","connectionName":"shared_commondataserviceforapps","operationId":"GetItem"},"parameters":{"entityName":"cr514_mpl_mm_locations","recordId":"@first(outputs('Look_for_Location_Row')?['body/value'])?['cr514_mpl_mm_locationid']"},"authentication":"@parameters('$authentication')"}},"Look_for_Material_Row":{"runAfter":{"Get_Location_row_by_ID":["Succeeded"]},"metadata":{"operationMetadataId":"9646f159-a754-4ecc-a264-53542bcd6202"},"type":"OpenApiConnection","inputs":{"host":{"apiId":"/providers/Microsoft.PowerApps/apis/shared_commondataserviceforapps","connectionName":"shared_commondataserviceforapps","operationId":"ListRecords"},"parameters":{"entityName":"cr514_mpl_mm_materials","$filter":"cr514_name eq '@{variables('Material')}'"},"authentication":"@parameters('$authentication')"}},"Get_Material_row_by_ID":{"runAfter":{"Look_for_Material_Row":["Succeeded"]},"metadata":{"operationMetadataId":"967a4cad-fe4c-4329-8f18-847cf5189bc6"},"type":"OpenApiConnection","inputs":{"host":{"apiId":"/providers/Microsoft.PowerApps/apis/shared_commondataserviceforapps","connectionName":"shared_commondataserviceforapps","operationId":"GetItem"},"parameters":{"entityName":"cr514_mpl_mm_materials","recordId":"@first(outputs('Look_for_Material_Row')?['body/value'])?['cr514_mpl_mm_materialid']"},"authentication":"@parameters('$authentication')"}},"Update_Container_Location":{"runAfter":{"Get_Material_row_by_ID":["Succeeded"]},"metadata":{"operationMetadataId":"7e9a2037-428a-4cb7-8ea9-2fc50731bcbb"},"type":"OpenApiConnection","inputs":{"host":{"apiId":"/providers/Microsoft.PowerApps/apis/shared_commondataserviceforapps","connectionName":"shared_commondataserviceforapps","operationId":"UpdateRecord"},"parameters":{"entityName":"cr514_mpl_mm_materials","recordId":"@outputs('Get_Material_row_by_ID')?['body/cr514_mpl_mm_materialid']","item/cr514_Location@odata.bind":"/cr514_mpl_mm_locations(@{outputs('Get_Location_row_by_ID')?['body/cr514_mpl_mm_locationid']})"},"authentication":"@parameters('$authentication')"}},"Get_Order_Row_by_Id":{"runAfter":{},"metadata":{"operationMetadataId":"d75bcca3-e567-43db-a2e7-d38407f69f5f"},"type":"OpenApiConnection","inputs":{"host":{"apiId":"/providers/Microsoft.PowerApps/apis/shared_commondataserviceforapps","connectionName":"shared_commondataserviceforapps","operationId":"GetItem"},"parameters":{"entityName":"cr514_mpl_mm_orders","recordId":"@triggerOutputs()?['body/cr514_mpl_mm_orderid']"},"authentication":"@parameters('$authentication')"}}}},"connectionReferences":{"shared_commondataserviceforapps":{"connectionName":"shared-commondataser-754a9fa6-bbb1-4252-b05d-34f21f7c2f37","source":"Embedded","id":"/providers/Microsoft.PowerApps/apis/shared_commondataserviceforapps","tier":"NotSpecified"}},"flowFailureAlertSubscribed":false,"isManaged":false}}